Original_Peptide,Active_Fragment,Function
FFMPGF,FF,ACE inhibitor
FFMPGF,FM,dipeptidyl peptidase III inhibitor
FFMPGF,MP,dipeptidyl peptidase IV inhibitor
FFMPGF,PG,ACE inhibitor
FFMPGF,PG,antiamnestic
FFMPGF,PG,antithrombotic
FFMPGF,PG,regulating
FFMPGF,GF,ACE inhibitor
FFMPGF,GF,dipeptidyl peptidase IV inhibitor
FFMPGF,FFM,dipeptidyl peptidase IV inhibitor
FFMPGF,FMP,dipeptidyl peptidase IV inhibitor
FFMPGF,MPG,dipeptidyl peptidase IV inhibitor
FFMPGF,PGF,ACE inhibitor
DFPFW,DF,ACE inhibitor
DFPFW,FP,ACE inhibitor
DFPFW,PF,ACE inhibitor
DFPFW,FW,ACE inhibitor
DFPFW,DFP,dipeptidyl peptidase IV inhibitor
DFPFW,FPF,ACE inhibitor
DFPFW,PFW,ACE inhibitor
SFGWF,SF,ACE inhibitor
SFGWF,FG,ACE inhibitor
SFGWF,GW,ACE inhibitor
SFGWF,WF,ACE inhibitor
SFGWF,SFG,dipeptidyl peptidase IV inhibitor
SFGWF,FGW,dipeptidyl peptidase IV inhibitor
SFGWF,GWF,ACE inhibitor
FMPGF,FM,dipeptidyl peptidase III inhibitor
FMPGF,MP,dipeptidyl peptidase IV inhibitor
FMPGF,PG,ACE inhibitor
FMPGF,PG,antiamnestic
FMPGF,PG,antithrombotic
FMPGF,PG,regulating
FMPGF,GF,ACE inhibitor
FMPGF,GF,dipeptidyl peptidase IV inhibitor
FMPGF,FMP,dipeptidyl peptidase IV inhibitor
FMPGF,MPG,dipeptidyl peptidase IV inhibitor
FMPGF,PGF,ACE inhibitor
FYLFF,FY,ACE inhibitor
FYLFF,YL,ACE inhibitor
FYLFF,LF,ACE inhibitor
FYLFF,FF,ACE inhibitor
FYLFF,FYL,dipeptidyl peptidase IV inhibitor
MDFPFW,MD,dipeptidyl peptidase IV inhibitor
MDFPFW,DF,ACE inhibitor
MDFPFW,FP,ACE inhibitor
MDFPFW,PF,ACE inhibitor
MDFPFW,FW,ACE inhibitor
MDFPFW,MDF,dipeptidyl peptidase IV inhibitor
MDFPFW,DFP,dipeptidyl peptidase IV inhibitor
MDFPFW,FPF,ACE inhibitor
MDFPFW,PFW,ACE inhibitor
FDFGF,FD,ACE inhibitor
FDFGF,DF,ACE inhibitor
FDFGF,FG,ACE inhibitor
FDFGF,GF,ACE inhibitor
FDFGF,GF,dipeptidyl peptidase IV inhibitor
FDFGF,FDF,dipeptidyl peptidase IV inhibitor
FDFGF,DFG,dipeptidyl peptidase IV inhibitor
FDFGF,FGF,ACE inhibitor
WHMDFPFWWK,WH,ACE inhibitor
WHMDFPFWWK,HM,dipeptidyl peptidase IV inhibitor
WHMDFPFWWK,MD,dipeptidyl peptidase IV inhibitor
WHMDFPFWWK,DF,ACE inhibitor
WHMDFPFWWK,FP,ACE inhibitor
WHMDFPFWWK,PF,ACE inhibitor
WHMDFPFWWK,FW,ACE inhibitor
WHMDFPFWWK,WW,ACE inhibitor
WHMDFPFWWK,WK,ACE inhibitor
WHMDFPFWWK,WHM,dipeptidyl peptidase IV inhibitor
WHMDFPFWWK,HMD,dipeptidyl peptidase IV inhibitor
WHMDFPFWWK,MDF,dipeptidyl peptidase IV inhibitor
WHMDFPFWWK,DFP,dipeptidyl peptidase IV inhibitor
WHMDFPFWWK,FPF,ACE inhibitor
WHMDFPFWWK,PFW,ACE inhibitor
WHMDFPFWWK,FWW,ACE inhibitor
WHMDFPFWWK,WWK,ACE inhibitor
FFMPG,FF,ACE inhibitor
FFMPG,FM,dipeptidyl peptidase III inhibitor
FFMPG,MP,dipeptidyl peptidase IV inhibitor
FFMPG,PG,ACE inhibitor
FFMPG,PG,antiamnestic
FFMPG,PG,antithrombotic
FFMPG,PG,regulating
FFMPG,FFM,dipeptidyl peptidase IV inhibitor
FFMPG,FMP,dipeptidyl peptidase IV inhibitor
FFMPG,MPG,dipeptidyl peptidase IV inhibitor
HFFMPGF,HF,ACE inhibitor
HFFMPGF,FF,ACE inhibitor
HFFMPGF,FM,dipeptidyl peptidase III inhibitor
HFFMPGF,MP,dipeptidyl peptidase IV inhibitor
HFFMPGF,PG,ACE inhibitor
HFFMPGF,PG,antiamnestic
HFFMPGF,PG,antithrombotic
HFFMPGF,PG,regulating
HFFMPGF,GF,ACE inhibitor
HFFMPGF,GF,dipeptidyl peptidase IV inhibitor
HFFMPGF,HFF,dipeptidyl peptidase IV inhibitor
HFFMPGF,FFM,dipeptidyl peptidase IV inhibitor
HFFMPGF,FMP,dipeptidyl peptidase IV inhibitor
HFFMPGF,MPG,dipeptidyl peptidase IV inhibitor
HFFMPGF,PGF,ACE inhibitor
